Question,Option A,Option B,Option C,Option D,Correct Answer,Explanation
"Which of the following statements are true regarding an IoA or is an example of an IoA? Select three.","An IoA is a sign an attack is currently in progress.","A user is not able to log into their account a day before their password expires.","A user checks email while in Europe and downloads a file as if in Australia within 6 minutes.","An IoA includes the log files used to analyze how a security breach was successful.","A, C, D","An IoA (Indicator of Attack) signals an attack in progress. Impossible travel (C) is a classic IoA example. Log files analyzed for attack activity (D) can be part of IoA analysis. B is normal behavior; E (evidence an attack occurred) describes an IoC (Indicator of Compromise)."
"Which of the following statements are true regarding HIDS, HIPS, and EDRs? Select two.","HIDS, HIPS, and EDRs monitor endpoints, servers, and networking devices.","EDR tools perform analytics that identify patterns and detect anomalies.","A HIDS attempts to defeat malware by deleting it before it infects a system.","A HIPS attempts to block a malicious attack.","B, D","EDR tools perform advanced analytics to identify patterns and detect anomalies (B). A HIPS (Intrusion PREVENTION System) attempts to block malicious attacks (D). HIDS only detects and reports - it does not delete malware (C is false). These host-based tools monitor hosts/endpoints, not primarily networking devices (A is false)."
"How does a worm deliver its malicious payload?","It is usually embedded in a bloatware bundle.","It is loaded into RAM by LOLBins.","It is carried from one computer to another by an individual.","It replicates itself over the network.","D","Worms self-replicate and spread across networks without human interaction, using network vulnerabilities to propagate and deliver their payloads."
"Pamela installed a program that scanned the internet for coupons. A week later her bank account was hacked. How was her account most likely compromised?","A website where she used one of the coupons was hacked.","A hardware keylogger was installed.","She installed a computer Trojan.","A 'too good to be true' coupon led her to a malicious website.","C","The coupon-scanning program she installed was likely a Trojan - malicious software disguised as legitimate software. Trojans often contain keyloggers or other data-stealing components that capture banking credentials."
"Florentina notices an unusual amount of traffic generated by infected computers. Investigation reveals most traffic is images being transmitted to an unfamiliar site. What type of malware was most likely installed?","Software keylogger","Eavesdropping software","Exfiltration malware","Tracking software","C","Images being transmitted to an unfamiliar site is data exfiltration - malware designed to steal data (files, images, documents) and transmit it to attacker-controlled servers."
"Jefferson downloads a version of PowerShell with 'exceeded capabilities.' Shortly after, his computer exhibits unusual behavior, but anti-malware reveals nothing. What type of malware is most likely installed?","Fileless virus","Worm","File-based virus","Bot","A","The fake PowerShell is likely a LOLBin (Living-Off-the-Land Binary) tactic. Fileless malware lives in memory and uses legitimate system tools, making it invisible to traditional signature-based antivirus."
"A malicious actor installs a backdoor on a system. What are the most likely reasons? Select two.","To install bloatware","To mask impossible travel","To circumvent security protections","For privilege escalation purposes","C, D","Backdoors allow attackers to bypass normal security controls (circumvent security protections, C) and often provide privileged access for escalation (privilege escalation purposes, D)."
"Which of the following represents a disadvantage of a hardware keylogger?","Because of its physical nature, it can easily be visually detected and removed.","Operating systems can easily detect the presence of a hardware keylogger.","Installation requires physically opening the case and inserting it internally.","It needs to be installed and retrieved without the threat actor being detected.","A","The primary disadvantage of a hardware keylogger is that, because it is a physical device, it can be discovered through visual inspection of the computer and easily removed. OS-based detection of hardware keyloggers is actually very difficult (B is an advantage, not a disadvantage)."
"Jennifer's computer is infected. She is willing to pay in Bitcoin but cannot launch a browser to pay. What type of malware was most likely installed?","Crypto ransomware","Blocking ransomware","Encrypting ransomware","Locking ransomware","B","Blocking ransomware blocks the user's access to the operating system and applications (including browsers), preventing the user from using the system until a ransom is paid. Crypto/encrypting ransomware only encrypts files while leaving the system usable."
"A user gets a popup from what appears to be a government agency saying the computer is involved in illegal activity and they must pay a fine by entering their credit card. The user cannot close the message. What category of action did the user most likely experience?","Extortion","Malware","Blackmail","Kidnap","A","The fake government fine popup demanding payment is a form of extortion - using threats (claimed illegal activity) to demand money. The message locks the browser/screen to pressure payment."
"Which of the following statements best describes a TOCTTOU race condition?","When the TOC expires before the corresponding data in memory is retrieved.","When software is used to trap a memory error condition.","When one thread overwrites the data created by another thread.","When data is written to the wrong memory location.","C","TOCTTOU (Time-Of-Check-To-Time-Of-Use) is a race condition where the state of a system changes between the time a program checks a condition (TOC) and the time it uses the data (TOU). Another thread can overwrite the data during this window."
"A company's network is infected with ransomware. Data has been stolen, and they must pay or the stolen data will be released. What is the best option for the company?","Restore data from their backups.","There is no best option.","Pay the ransom.","Decrypt the data themselves.","B","In a double-extortion case (data encrypted AND stolen), every option has significant downsides: restoring backups does not prevent stolen data release; paying the ransom is discouraged and offers no guarantee; self-decryption is unrealistic. There is no best option."
"Hissana enters information on a compromised website that does a poor job sanitizing input. The web server sends back a response that infects her system. What type of attack is this?","Replay","XSS","SSRF","CSRF","B","The web application fails to sanitize user input, allowing malicious script to be reflected back to users through the server response - this is a classic XSS (Cross-Site Scripting) attack."
"A malicious actor modifies the return address in an application to execute the code in malware they injected into memory. What type of attack is this?","TOU","TOCTTOU","Exception handling malware","Buffer overflow","D","A buffer overflow occurs when a program writes more data to a buffer than it can hold, allowing an attacker to overwrite the return address and redirect execution to injected malicious code."
"An attacker captures traffic with the intention of impersonating a legitimate user. In what type of attack is the malicious actor engaging?","Concurrent session attack","Replay attack","Web-based attack","Privilege escalation","B","A replay attack captures legitimate network traffic (such as authentication tokens or session data) and replays it to impersonate a legitimate user and gain unauthorized access."
"A user sees a message in their browser that appears to be from the OS company, with a number to call support. The threat actor requests permission to install software to 'scan the system' but instead installs a threat agent for later access. What type of malware did the attacker install?","Bloatware","Buffer overflow","Keylogger","RAT","D","The attacker installed a RAT (Remote Access Trojan) which provides covert remote control access to the system for later exploitation. The 'support' scam is a social engineering vector to get the victim to install it."
"An attacker removes a 2 TB external hard drive containing proprietary data from a company's data center. What type of attack is this?","Malware attack","Physical attack","Insider threat","Social engineering","B","This attack is defined by the physical theft of hardware. Malware, insider threats, and social engineering do not accurately describe this scenario - it was a physical attack."
"Which of the following are types of malware that can be used to hide malicious activity from the operating system and antivirus software? Select two.","Bootkits","Ransomware","Rootkits","Spyware","A, C","Bootkits and rootkits are specifically designed to hide malicious activity from the OS and security software. Rootkits modify the OS to conceal their presence, and bootkits infect the boot process before the OS loads, making them extremely difficult to detect."
"A new anti-malware product blocks a fileless malware attack in real time before it executes its intent - but AFTER it has been loaded into the system's RAM. Which type of detection is being used?","Static anti-malware analysis","Dynamic anti-malware analysis","Signature-based detection","Heuristic analysis","B","Dynamic analysis watches the behavior of programs while they are running (in RAM/memory) and can block malicious activity after the malware is loaded. Static analysis examines code without executing it, and signature-based detection looks for known patterns. Heuristic analysis detects based on behavioral characteristics."
"Which of the following is a TRUE statement regarding the similarities or differences between keyloggers and spyware?","Spyware does not capture keyboard input.","Spyware and keyloggers capture keystrokes.","Keyloggers can probe installed programs to capture sensitive information.","Keyloggers can track user activity by using the computer's resources.","B","Both spyware and keyloggers can capture keystrokes. Keyloggers specifically record keystrokes, while spyware is a broader category of malware that can capture keystrokes along with other user activity, browsing habits, and system information."
"Which of the following are valid hardening techniques for an endpoint device? Select two.","Keep the operating system updated.","Use an application allow list.","Purchase a hardware firewall.","Disable the endpoint's host firewall to improve performance.","A, B","Endpoint hardening includes keeping the OS updated (A) and using application allow lists (B). Purchasing a hardware firewall is a network-level control and disabling the host firewall WEAKENS security."
"Which of the following statements about malware sandboxing is TRUE?","Sandboxing executes suspicious code in an isolated environment to observe its behavior.","Sandboxing automatically deletes all files that contain known malware signatures.","Sandboxing is a static analysis technique that examines code without running it.","Sandboxing prevents malware from ever entering the network.","A","Sandboxing (dynamic analysis) executes suspicious code in a controlled, isolated environment to safely observe its behavior without risking harm to the actual system. It is NOT a static technique, does not delete files, and does not prevent entry - it enables safe observation."
"Which of the following is a common goal of SQL injection attacks? Select two.","To retrieve sensitive data from a database","To modify or delete data in a database","To lock the database server screen","To install a hardware keylogger","A, B","SQL injection attacks target databases through poorly sanitized input fields to retrieve, modify, or delete sensitive data. Locking a screen and installing hardware keyloggers are not goals of SQL injection."
"What does an endpoint detection and response (EDR) tool provide that a traditional antivirus does NOT? Select two.","Continuous monitoring and behavioral analytics","Automated response capabilities","Signature database updates","Basic file scanning on demand","A, B","EDR tools provide continuous monitoring, behavioral analytics, and automated response capabilities that go beyond traditional antivirus. Signature updates and basic file scanning are standard antivirus features as well."